epoch,validation_loss
1,0.15003899960743317
2,0.1295562696111332
3,0.11783238770985131
4,0.11070327357692791
5,0.10825835713278882
6,0.10250775665378256
7,0.10068362412870172
8,0.09493560132111262
9,0.09250686765231977
10,0.0904761136870463
11,0.08852517537017421
12,0.08727926488799805
13,0.09027318023091355
14,0.08916285033451743
15,0.08600035129468173
16,0.08591483472728982
17,0.08503745317211023
18,0.08552032457893126
19,0.08480808783396507
20,0.08520175525040209
21,0.08522270369492375
22,0.08572501711104327
23,0.08430053105252125
24,0.08768323800412163
25,0.08573788710690108
26,0.08426793586945949
27,0.08299507578079388
28,0.08654085040566332
29,0.08422902662226533
30,0.0855964356991096
31,0.08388031981614474
32,0.08758577142552547
33,0.08427544393940843
34,0.08597991371365474
35,0.08510575373358617
36,0.08562135262657516
37,0.08569259939322658
38,0.08704910452243884
39,0.08877818195814484
40,0.08624098894002737
41,0.08458760220708927
42,0.08750995249225686
