ruido_pct,parametro,erro_mediano_pct,erro_medio_pct,p25_pct,p75_pct
0,rho1,4.7061668316666045,5.518722426520498,2.405056956496183,7.730555287521013
0,rho2,13.329244648010256,25.517736237668917,6.306735154562576,26.573332318495318
0,rho3,6.656008648623478,9.566350985170425,3.0289785184085978,12.128010127436866
0,h1,6.443839062394595,11.685659531787175,3.0551668331756825,11.23345555655838
0,h2,15.496325216416981,30.52844379848439,7.006730442355361,32.46587443411453
2,rho1,5.035542818664981,6.079831000534868,2.34409798754493,8.598584849351207
2,rho2,23.24271105469711,38.958180235290385,10.544856305899437,43.35760519437555
2,rho3,9.10849158307931,17.356923068857846,4.144853270263234,18.47439144089457
2,h1,7.61934995175089,16.213725874760943,3.512682489608705,14.927170396126924
2,h2,25.877841552490075,44.83129089256127,10.865691798048063,49.215933803816704
5,rho1,6.4361381027545335,7.662699135635511,2.972908809283478,10.941283362646026
5,rho2,20.41592717187725,39.13556423202799,9.244324128361008,40.670994895058016
5,rho3,13.3806064108023,22.832541741098844,6.156584264842837,25.76718907629531
5,h1,10.522530147473613,20.684256221462864,4.77417478549347,20.429420326587408
5,h2,28.968116658316127,57.52125260285695,13.055257320457685,56.2525481392316
