rhoa_01,rhoa_02,rhoa_03,rhoa_04,rhoa_05,rhoa_06,rhoa_07,rhoa_08,rhoa_09,rhoa_10,rhoa_11,rhoa_12,rhoa_13,rhoa_14,rhoa_15,rhoa_16,rhoa_17,rhoa_18,rhoa_19,rhoa_20,rho1,rho2,rho3,h1,h2
353.0979069833822,353.079925457503,353.0385810292309,352.94380039625736,352.72763763965753,352.23903979385733,351.15161536976416,348.79485470663957,343.9117908781568,334.5240700287029,318.5423817303233,296.12323281871085,273.2066761860503,261.36605671539394,269.78921113231826,297.081658426909,334.11609858400334,372.7028062431898,408.5387460172285,439.51754636173285,353.111691382141,75.46696410796926,521.4297905300546,14.249992552127914,6.5205126986071775
891.4911440464766,888.5852804328811,882.2357186001819,868.8826182576374,842.489730254302,795.0923379996703,720.9958414552162,624.6409517126378,524.3004427945561,442.42475818559865,390.0702857622614,363.1561151012686,351.8377458293978,348.90090632672445,350.65247617423404,354.8555799106805,359.7275150759417,364.06389710189444,367.37146465216927,369.65612554401025,893.8089586343594,332.8736391557839,373.36070725030316,3.434159020835372,23.61852501898722
55.159277640772295,55.16301415253082,55.171621137800415,55.191415410418124,55.23681136360826,55.340419852462404,55.57492566529747,56.09819924292421,57.23821711142998,59.62654179877375,64.33269372836389,72.81261643583528,86.39524222309761,105.41269538383546,128.78408626199865,154.43636076735953,179.73521406378825,201.60935735000817,217.0614875757442,224.2774006098381,55.15641726960964,713.7234690401974,193.96806804067654,16.63247065214577,23.283881543711892
28.476906298319083,28.478222053342023,28.48125254029524,28.488220699995566,28.50419605756006,28.540635687599615,28.623027289371272,28.806537755084552,29.20502450477626,30.034856479829294,31.65184736267445,34.50374563255575,38.88308177024851,44.51484174414534,50.31975640694983,54.610075381047096,55.564867858254274,51.933209448773255,43.94217100458932,33.74084512862806,28.47589897922607,128.5788609210467,13.416354101688912,16.724992267859058,32.31989115785911
328.2184884988511,328.20620799891196,328.1779200355774,328.11286349352247,327.9636639424916,327.6231487946115,326.85250063430317,325.1334146035385,321.39184682891874,313.57656081374176,298.30774914586823,271.42672466206557,230.82858936759482,181.26278427505449,135.8955455338776,109.26041716827476,107.16711260999747,125.21436423741602,156.17278268332223,195.99596658240182,328.227889435858,51.17430300313626,873.7678255441983,17.969301305121757,39.36240785954057
24.565532554582227,24.640798741741673,24.808044753694464,25.169856768855187,25.91917430960092,27.369242103271453,29.91310660501079,33.84104771426234,39.093799693150665,45.21875271307084,51.57580807729191,57.4681562364849,62.06443331823029,64.2904386290862,62.89176660704923,56.91829976449426,46.71262601774288,34.623715172022685,24.102052065794272,17.39192916889669,24.5062813772018,85.79105479001713,12.235100233650854,3.9315003492834086,34.78634975563782
308.76318276060096,308.8566080988616,309.0701743367778,309.55486996292547,310.64135491624484,313.0260648470143,318.07982981856566,328.2004289608459,346.7783210998419,376.87669973539994,418.21358577267694,464.3483454438795,502.82551184585265,517.6445602185524,493.0406335412763,421.3250286533102,313.3361693433982,199.72425481586828,113.80699616156514,68.28996687088343,308.6912446280763,861.0323423725227,44.83846290786351,8.038734414662509,24.53867894123878
23.924779180509493,23.918067004563287,23.902926647821786,23.869343003912178,23.79692785331523,23.64790054362533,23.363125123558103,22.876371355180876,22.164549406465483,21.314358354684465,20.530061781456144,20.05695030693827,20.12314760474192,20.975238497427476,22.922581530988843,26.249544041482462,31.01073153996222,36.95189092330054,43.67726464118432,50.80898959637901,23.930001077504752,18.190431896729695,89.41489120323658,5.3112776319667985,34.1510717447605
74.91421117826954,74.97241232920592,75.10513295376177,75.40509065218103,76.07275543885088,77.52140256177256,80.53663544727746,86.42104226386348,96.88931301365396,113.42631522140276,136.36608555593224,164.68358681813208,196.67897792804587,230.33510631361116,262.9516823007243,290.8867170672243,310.0640203074939,317.4726697206214,313.08132413374426,300.54620318153786,74.86931122086519,462.7606177115527,251.49549152136507,6.93496618625878,41.94847046696965
406.912222984939,406.87801110591255,406.7993084647411,406.61872400373557,406.20622526437825,405.27127120671537,403.1802847344795,398.60911525749754,388.98912052708164,369.9576783561423,335.75686993748667,282.34284646370094,213.33663868020693,142.98511418392468,88.62777670615009,57.785396870014665,44.97934173527648,40.69511870134954,39.18704103646951,38.51344872428666,406.9384391668902,59.56028374469397,37.727341902695954,13.967414575524534,8.70811921324687
